<?xml version="1.0" encoding="UTF-8"?>
<project-private xmlns="http://www.netbeans.org/ns/project-private/1">
    <editor-bookmarks xmlns="http://www.netbeans.org/ns/editor-bookmarks/2" lastBookmarkId="0"/>
    <open-files xmlns="http://www.netbeans.org/ns/projectui-open-files/2">
        <group name="Homework11">
            <file>file:/C:/Users/Akshayaa/Desktop/csc%20216/Exam4_AkshayaaShrestha/src/exam4_akshayaashrestha/ICallable.java</file>
            <file>file:/C:/Users/Akshayaa/Desktop/csc%20216/Exam4_AkshayaaShrestha/src/exam4_akshayaashrestha/Program.java</file>
            <file>file:/C:/Users/Akshayaa/Desktop/csc%20216/Exam4_AkshayaaShrestha/src/exam4_akshayaashrestha/Employee.java</file>
            <file>file:/C:/Users/Akshayaa/Desktop/csc%20216/Exam4_AkshayaaShrestha/src/exam4_akshayaashrestha/Office.java</file>
        </group>
    </open-files>
</project-private>
